{
	"version": "0.3.5", 
	"suite": "unknown_suite", 
	"function_id": 26, 
	"function_name": "exp_1_problem_7.2", 
	"maximization": true, 
	"algorithm": {"name": "exp_1_problem_7.2", "info": "algorithm_info"},
	"attributes": ["evaluations", "raw_y"],
	"scenarios": [
		{"dimension": 60,
		"path": "data_f26_exp_1_problem_7.2/IOHprofiler_f26_DIM60.dat",
		"runs": [
			{"instance": 8, "evals": 5000, "best": {"evals": 1, "y": 0.55, "x": [2, 0, 1, 1, 1, 1, 0, 2, 0, 0, 2, 0, 2, 0, 1, 1, 0, 0, 2, 1, 2, 0, 1, 2, 0, 0, 0, 1, 2, 0, 0, 1, 1, 2, 0, 1, 1, 0, 2, 1, 0, 2, 1, 2, 2, 2, 2, 1, 1, 2, 0, 2, 0, 1, 2, 1, 2, 1, 0, 0]}},
			{"instance": 8, "evals": 5000, "best": {"evals": 1, "y": 0.55, "x": [0, 0, 2, 1, 2, 2, 1, 2, 2, 1, 2, 1, 1, 1, 0, 1, 0, 2, 2, 0, 0, 0, 2, 0, 2, 0, 1, 1, 0, 1, 1, 0, 2, 0, 2, 0, 1, 2, 2, 2, 1, 1, 1, 1, 2, 1, 1, 1, 1, 2, 2, 1, 1, 2, 2, 2, 2, 0, 0, 0]}},
			{"instance": 8, "evals": 5000, "best": {"evals": 756, "y": 0.5833333333333334, "x": [1, 1, 0, 1, 2, 0, 2, 1, 1, 2, 0, 2, 0, 2, 0, 2, 0, 2, 1, 2, 0, 2, 1, 1, 2, 0, 0, 0, 0, 0, 0, 1, 2, 0, 0, 1, 1, 0, 1, 2, 0, 0, 2, 1, 1, 2, 2, 2, 1, 1, 1, 2, 1, 0, 0, 2, 2, 0, 1, 2]}},
			{"instance": 8, "evals": 5000, "best": {"evals": 1, "y": 0.55, "x": [0, 0, 1, 1, 2, 2, 1, 0, 2, 2, 0, 1, 0, 1, 0, 1, 2, 1, 2, 0, 1, 0, 1, 1, 1, 2, 2, 2, 2, 2, 1, 1, 1, 2, 2, 2, 1, 2, 1, 0, 2, 2, 0, 2, 0, 2, 0, 0, 2, 1, 2, 0, 1, 0, 0, 2, 0, 2, 2, 0]}},
			{"instance": 8, "evals": 5000, "best": {"evals": 583, "y": 0.5666666666666667, "x": [2, 0, 0, 1, 2, 1, 0, 2, 0, 0, 2, 1, 2, 0, 2, 2, 0, 1, 0, 2, 2, 2, 1, 1, 0, 2, 0, 2, 2, 0, 2, 0, 0, 2, 2, 1, 1, 2, 2, 0, 1, 0, 2, 1, 2, 0, 2, 0, 2, 0, 2, 0, 2, 1, 0, 0, 1, 0, 0, 1]}},
			{"instance": 8, "evals": 5000, "best": {"evals": 1, "y": 0.55, "x": [0, 2, 0, 2, 1, 2, 2, 1, 2, 0, 1, 0, 0, 0, 2, 1, 0, 1, 1, 2, 0, 0, 2, 0, 2, 0, 1, 0, 1, 0, 0, 1, 0, 0, 2, 2, 1, 2, 1, 1, 1, 1, 0, 1, 1, 2, 1, 1, 2, 1, 2, 0, 1, 2, 2, 2, 2, 0, 1, 1]}},
			{"instance": 8, "evals": 5000, "best": {"evals": 1932, "y": 0.5833333333333334, "x": [2, 0, 0, 0, 2, 0, 1, 0, 0, 0, 2, 2, 0, 2, 1, 1, 0, 0, 1, 1, 1, 1, 0, 0, 0, 2, 0, 0, 0, 0, 2, 2, 0, 1, 2, 0, 2, 0, 2, 0, 2, 0, 2, 0, 2, 0, 2, 0, 0, 1, 1, 0, 2, 0, 1, 1, 0, 1, 2, 0]}},
			{"instance": 8, "evals": 5000, "best": {"evals": 420, "y": 0.5666666666666667, "x": [1, 2, 0, 2, 2, 1, 2, 1, 2, 2, 0, 2, 2, 0, 0, 1, 1, 1, 1, 2, 1, 2, 2, 1, 1, 0, 2, 1, 2, 0, 2, 0, 2, 0, 2, 0, 2, 0, 1, 0, 1, 1, 1, 1, 1, 1, 0, 0, 1, 2, 0, 2, 1, 0, 0, 0, 1, 1, 1, 1]}},
			{"instance": 8, "evals": 5000, "best": {"evals": 294, "y": 0.5833333333333334, "x": [0, 0, 1, 2, 1, 2, 2, 2, 1, 0, 2, 0, 2, 1, 1, 2, 2, 1, 0, 1, 1, 1, 2, 0, 2, 0, 1, 2, 0, 1, 2, 1, 1, 0, 1, 1, 1, 2, 1, 0, 0, 1, 1, 0, 2, 0, 0, 1, 2, 0, 2, 0, 2, 0, 2, 0, 2, 1, 2, 2]}},
			{"instance": 8, "evals": 5000, "best": {"evals": 251, "y": 0.5833333333333334, "x": [1, 1, 2, 0, 2, 1, 1, 0, 1, 2, 2, 2, 0, 1, 1, 0, 1, 2, 0, 1, 1, 0, 2, 2, 1, 1, 0, 2, 0, 0, 0, 0, 1, 1, 2, 2, 2, 0, 2, 0, 2, 0, 2, 0, 2, 0, 0, 1, 1, 0, 0, 2, 2, 0, 2, 2, 2, 1, 0, 1]}}
		]}
	]
}
