{
	"version": "0.3.5", 
	"suite": "unknown_suite", 
	"function_id": 26, 
	"function_name": "exp_3_problem_6.2", 
	"maximization": true, 
	"algorithm": {"name": "exp_3_problem_6.2", "info": "algorithm_info"},
	"attributes": ["evaluations", "raw_y"],
	"scenarios": [
		{"dimension": 60,
		"path": "data_f26_exp_3_problem_6.2/IOHprofiler_f26_DIM60.dat",
		"runs": [
			{"instance": 8, "evals": 2993, "best": {"evals": 2756, "y": 112.5, "x": [1, 0, 1, 1, 2, 1, 1, 1, 1, 0, 1, 1, 0, 1, 0, 0, 1, 2, 1, 1, 1, 2, 1, 0, 0, 0, 0, 1, 2, 0, 1, 1, 2, 1, 0, 0, 0, 1, 1, 2, 1, 0, 0, 2, 1, 1, 2, 1, 0, 0, 1, 1, 0, 2, 1, 1, 1, 0, 1, 1]}}
		]}
	]
}
