{
	"version": "0.3.5", 
	"suite": "unknown_suite", 
	"function_id": 26, 
	"function_name": "exp_1_problem_6.1", 
	"maximization": true, 
	"algorithm": {"name": "exp_1_problem_6.1", "info": "algorithm_info"},
	"attributes": ["evaluations", "raw_y"],
	"scenarios": [
		{"dimension": 60,
		"path": "data_f26_exp_1_problem_6.1/IOHprofiler_f26_DIM60.dat",
		"runs": [
			{"instance": 8, "evals": 5000, "best": {"evals": 4242, "y": 0.85, "x": [2, 1, 0, 1, 2, 1, 0, 1, 2, 1, 2, 1, 0, 1, 0, 0, 1, 2, 2, 0, 1, 0, 1, 0, 0, 1, 1, 0, 2, 1, 0, 2, 0, 0, 1, 2, 1, 2, 0, 1, 1, 2, 2, 0, 2, 1, 0, 2, 1, 0, 2, 1, 1, 1, 1, 2, 0, 0, 1, 2]}},
			{"instance": 8, "evals": 5000, "best": {"evals": 4032, "y": 0.85, "x": [1, 2, 1, 1, 1, 1, 2, 1, 2, 2, 0, 1, 1, 0, 1, 0, 2, 2, 2, 0, 0, 0, 1, 0, 0, 0, 1, 0, 1, 1, 0, 2, 0, 0, 2, 1, 1, 2, 1, 0, 0, 2, 0, 0, 0, 2, 1, 0, 2, 0, 1, 2, 1, 1, 1, 1, 2, 0, 2, 0]}},
			{"instance": 8, "evals": 5000, "best": {"evals": 2842, "y": 0.8333333333333334, "x": [0, 1, 2, 1, 1, 1, 1, 0, 1, 2, 0, 1, 0, 0, 0, 0, 0, 2, 1, 2, 0, 1, 0, 2, 0, 1, 2, 2, 1, 2, 1, 1, 0, 0, 1, 2, 2, 0, 2, 0, 1, 1, 2, 1, 1, 0, 0, 2, 0, 1, 0, 0, 0, 1, 2, 2, 1, 0, 1, 2]}},
			{"instance": 8, "evals": 5000, "best": {"evals": 4701, "y": 0.85, "x": [1, 2, 1, 1, 2, 1, 0, 0, 1, 1, 1, 0, 2, 1, 1, 2, 2, 1, 2, 1, 2, 2, 1, 1, 0, 1, 0, 2, 0, 1, 0, 2, 0, 0, 0, 2, 2, 0, 1, 2, 1, 1, 2, 0, 1, 0, 2, 0, 1, 0, 0, 0, 1, 0, 0, 2, 2, 0, 2, 2]}},
			{"instance": 8, "evals": 5000, "best": {"evals": 4200, "y": 0.8833333333333333, "x": [0, 1, 0, 2, 1, 1, 0, 1, 1, 1, 1, 0, 2, 0, 1, 2, 2, 1, 2, 0, 0, 2, 0, 2, 1, 1, 0, 2, 0, 0, 0, 0, 2, 0, 1, 2, 2, 2, 0, 1, 0, 1, 2, 0, 0, 1, 0, 0, 1, 0, 0, 2, 1, 2, 1, 0, 2, 2, 0, 1]}},
			{"instance": 8, "evals": 5000, "best": {"evals": 4340, "y": 0.8833333333333333, "x": [1, 1, 0, 0, 2, 2, 1, 0, 2, 0, 0, 2, 1, 1, 0, 1, 1, 2, 0, 0, 2, 1, 1, 1, 1, 0, 0, 2, 1, 1, 1, 2, 1, 2, 1, 1, 2, 2, 2, 1, 1, 2, 2, 0, 0, 2, 1, 1, 0, 1, 0, 1, 1, 0, 0, 2, 2, 0, 0, 1]}},
			{"instance": 8, "evals": 5000, "best": {"evals": 4805, "y": 0.8666666666666667, "x": [0, 1, 0, 1, 1, 1, 0, 0, 2, 1, 2, 1, 0, 1, 1, 0, 1, 2, 2, 0, 0, 2, 1, 0, 0, 2, 1, 1, 2, 0, 1, 2, 0, 0, 0, 2, 2, 0, 1, 0, 1, 0, 1, 1, 1, 1, 1, 1, 1, 0, 2, 2, 1, 2, 1, 1, 2, 0, 0, 0]}},
			{"instance": 8, "evals": 5000, "best": {"evals": 2298, "y": 0.8333333333333334, "x": [0, 2, 1, 0, 2, 1, 1, 0, 0, 0, 0, 1, 2, 1, 1, 1, 2, 2, 2, 0, 0, 2, 1, 0, 0, 2, 0, 0, 1, 0, 0, 2, 2, 0, 0, 2, 2, 0, 1, 1, 1, 2, 2, 0, 0, 0, 2, 2, 1, 0, 0, 0, 0, 0, 1, 0, 1, 1, 1, 2]}},
			{"instance": 8, "evals": 5000, "best": {"evals": 4257, "y": 0.85, "x": [0, 0, 0, 0, 0, 2, 1, 0, 1, 0, 2, 0, 2, 1, 0, 1, 2, 1, 2, 0, 0, 1, 0, 0, 0, 2, 2, 1, 1, 0, 0, 1, 2, 1, 0, 2, 2, 2, 0, 1, 0, 1, 2, 1, 2, 2, 1, 0, 1, 0, 0, 2, 2, 1, 1, 0, 2, 1, 2, 2]}},
			{"instance": 8, "evals": 5000, "best": {"evals": 4217, "y": 0.85, "x": [0, 1, 0, 2, 1, 1, 1, 0, 2, 0, 0, 1, 2, 2, 1, 0, 2, 2, 1, 2, 0, 1, 1, 1, 2, 1, 0, 2, 2, 2, 1, 0, 2, 1, 1, 2, 2, 0, 0, 0, 1, 2, 2, 0, 2, 1, 1, 2, 1, 0, 1, 1, 2, 1, 0, 1, 1, 1, 1, 1]}}
		]}
	]
}
