{
	"version": "0.3.5", 
	"suite": "unknown_suite", 
	"function_id": 26, 
	"function_name": "exp_3_problem_10.1", 
	"maximization": true, 
	"algorithm": {"name": "exp_3_problem_10.1", "info": "algorithm_info"},
	"attributes": ["evaluations", "raw_y"],
	"scenarios": [
		{"dimension": 60,
		"path": "data_f26_exp_1_problem_10.1/IOHprofiler_f26_DIM60.dat",
		"runs": [
			{"instance": 8, "evals": 5000, "best": {"evals": 616, "y": 0.7166666666666667, "x": [0, 0, 1, 0, 2, 1, 2, 0, 2, 0, 1, 0, 0, 1, 1, 0, 0, 2, 0, 0, 2, 2, 1, 0, 1, 1, 2, 2, 0, 1, 2, 0, 1, 2, 2, 1, 0, 0, 0, 0, 2, 0, 2, 0, 0, 2, 1, 1, 0, 2, 1, 0, 1, 0, 2, 2, 2, 0, 0, 1]}},
			{"instance": 8, "evals": 5000, "best": {"evals": 599, "y": 0.7333333333333333, "x": [0, 2, 1, 0, 0, 0, 2, 2, 0, 2, 1, 1, 1, 0, 2, 0, 2, 0, 2, 2, 0, 2, 2, 0, 1, 1, 2, 2, 0, 0, 2, 2, 1, 1, 1, 0, 0, 1, 1, 0, 1, 2, 2, 2, 1, 2, 0, 0, 1, 0, 1, 2, 2, 2, 2, 0, 2, 0, 2, 2]}},
			{"instance": 8, "evals": 5000, "best": {"evals": 810, "y": 0.7666666666666667, "x": [1, 1, 1, 2, 2, 0, 1, 1, 2, 0, 1, 0, 0, 2, 0, 2, 2, 1, 2, 2, 1, 0, 1, 1, 2, 0, 2, 2, 0, 1, 1, 2, 2, 0, 0, 0, 1, 0, 2, 1, 0, 1, 2, 2, 2, 1, 1, 0, 0, 1, 2, 2, 2, 0, 1, 1, 0, 1, 0, 1]}},
			{"instance": 8, "evals": 5000, "best": {"evals": 433, "y": 0.7, "x": [0, 0, 2, 0, 2, 1, 2, 0, 0, 0, 1, 2, 0, 2, 0, 0, 2, 2, 2, 0, 0, 2, 0, 1, 0, 2, 2, 2, 1, 2, 0, 0, 0, 1, 1, 1, 0, 1, 0, 1, 1, 2, 2, 2, 0, 1, 1, 2, 0, 1, 2, 1, 1, 0, 1, 2, 2, 1, 1, 0]}},
			{"instance": 8, "evals": 5000, "best": {"evals": 243, "y": 0.7, "x": [2, 1, 0, 0, 1, 2, 0, 0, 1, 0, 1, 2, 2, 2, 0, 0, 2, 2, 2, 0, 1, 1, 2, 0, 0, 0, 2, 1, 2, 1, 1, 1, 2, 2, 1, 0, 2, 2, 1, 0, 1, 2, 2, 0, 1, 1, 2, 0, 1, 2, 1, 0, 2, 1, 2, 2, 0, 1, 0, 1]}},
			{"instance": 8, "evals": 5000, "best": {"evals": 287, "y": 0.7666666666666667, "x": [0, 2, 1, 0, 0, 2, 1, 2, 2, 0, 2, 1, 2, 1, 0, 1, 0, 0, 1, 2, 2, 1, 1, 1, 0, 0, 1, 1, 1, 1, 1, 2, 2, 0, 0, 0, 1, 1, 0, 2, 2, 0, 0, 0, 2, 2, 0, 0, 1, 0, 0, 0, 1, 2, 0, 2, 0, 0, 2, 1]}},
			{"instance": 8, "evals": 5000, "best": {"evals": 606, "y": 0.7166666666666667, "x": [2, 1, 1, 2, 0, 1, 0, 1, 1, 2, 0, 1, 2, 0, 2, 2, 1, 0, 1, 1, 2, 0, 0, 2, 0, 0, 2, 1, 0, 2, 1, 1, 0, 2, 1, 2, 2, 0, 2, 1, 0, 0, 0, 0, 1, 2, 1, 1, 2, 2, 0, 2, 2, 1, 2, 1, 0, 2, 1, 0]}},
			{"instance": 8, "evals": 5000, "best": {"evals": 132, "y": 0.7, "x": [0, 1, 0, 1, 0, 1, 2, 0, 1, 1, 1, 2, 1, 1, 0, 2, 1, 1, 0, 2, 2, 2, 1, 0, 0, 1, 0, 2, 0, 1, 0, 0, 2, 1, 1, 0, 0, 0, 1, 1, 1, 0, 0, 1, 1, 0, 2, 1, 0, 1, 1, 0, 1, 1, 1, 0, 1, 0, 2, 2]}},
			{"instance": 8, "evals": 5000, "best": {"evals": 4297, "y": 0.7333333333333333, "x": [0, 2, 1, 1, 2, 0, 0, 0, 0, 0, 2, 0, 1, 1, 1, 0, 0, 2, 0, 1, 0, 0, 0, 1, 2, 2, 2, 0, 2, 2, 2, 0, 2, 2, 1, 0, 1, 0, 0, 0, 0, 2, 1, 2, 2, 0, 1, 2, 0, 0, 0, 2, 1, 2, 0, 1, 1, 0, 2, 2]}},
			{"instance": 8, "evals": 5000, "best": {"evals": 199, "y": 0.7166666666666667, "x": [0, 1, 1, 0, 1, 2, 2, 0, 1, 2, 2, 2, 0, 1, 0, 0, 1, 2, 2, 2, 1, 0, 0, 2, 1, 0, 1, 1, 1, 0, 1, 1, 0, 0, 1, 1, 2, 2, 2, 1, 0, 1, 2, 2, 1, 1, 2, 2, 0, 1, 1, 2, 1, 1, 2, 0, 2, 1, 2, 0]}}
		]}
	]
}
