{
	"version": "0.3.5", 
	"suite": "unknown_suite", 
	"function_id": 26, 
	"function_name": "exp_1_problem_9.1", 
	"maximization": true, 
	"algorithm": {"name": "algorithm_name", "info": "algorithm_info"},
	"attributes": ["evaluations", "raw_y"],
	"scenarios": [
		{"dimension": 60,
		"path": "data_f26_exp_1_problem_9.1/IOHprofiler_f26_DIM60.dat",
		"runs": [
			{"instance": 8, "evals": 5000, "best": {"evals": 4582, "y": 0.6833333333333333, "x": [2, 2, 1, 0, 0, 2, 1, 2, 1, 1, 0, 2, 0, 1, 0, 1, 0, 0, 0, 0, 0, 2, 0, 0, 0, 1, 1, 0, 1, 0, 0, 2, 0, 0, 1, 0, 0, 0, 0, 0, 2, 0, 0, 0, 2, 1, 2, 2, 0, 0, 2, 0, 0, 0, 1, 2, 0, 0, 0, 0]}},
			{"instance": 8, "evals": 5000, "best": {"evals": 4165, "y": 0.65, "x": [2, 0, 2, 1, 1, 2, 0, 1, 0, 1, 1, 2, 1, 0, 0, 1, 0, 0, 0, 0, 0, 1, 1, 0, 2, 0, 2, 0, 2, 2, 0, 2, 2, 1, 1, 2, 0, 0, 1, 2, 0, 0, 0, 0, 1, 1, 0, 2, 0, 0, 1, 0, 2, 0, 1, 1, 2, 0, 0, 2]}},
			{"instance": 8, "evals": 5000, "best": {"evals": 4828, "y": 0.6333333333333333, "x": [1, 0, 1, 1, 0, 2, 2, 2, 2, 2, 1, 0, 2, 2, 2, 0, 2, 1, 1, 2, 2, 2, 2, 0, 2, 2, 2, 0, 2, 0, 2, 1, 2, 0, 1, 2, 1, 0, 0, 0, 0, 2, 0, 2, 0, 0, 2, 0, 0, 0, 0, 2, 0, 0, 1, 0, 0, 2, 0, 0]}},
			{"instance": 8, "evals": 5000, "best": {"evals": 4570, "y": 0.6833333333333333, "x": [1, 1, 1, 0, 2, 1, 2, 0, 1, 2, 0, 2, 0, 2, 1, 2, 2, 1, 1, 1, 2, 0, 2, 1, 2, 2, 0, 1, 1, 2, 0, 0, 1, 1, 0, 0, 0, 1, 1, 1, 2, 1, 0, 0, 0, 1, 0, 1, 2, 0, 0, 1, 1, 2, 0, 0, 1, 2, 0, 0]}},
			{"instance": 8, "evals": 5000, "best": {"evals": 4484, "y": 0.6333333333333333, "x": [0, 2, 1, 1, 1, 1, 1, 2, 2, 0, 0, 1, 1, 0, 1, 0, 0, 1, 1, 0, 0, 2, 2, 0, 1, 1, 1, 1, 0, 0, 2, 0, 1, 0, 2, 0, 0, 0, 0, 1, 2, 0, 1, 2, 0, 0, 0, 0, 2, 1, 2, 1, 1, 0, 1, 1, 0, 2, 0, 0]}},
			{"instance": 8, "evals": 5000, "best": {"evals": 4247, "y": 0.6, "x": [1, 2, 1, 2, 2, 1, 1, 1, 2, 1, 1, 2, 2, 0, 2, 2, 2, 0, 1, 1, 1, 1, 1, 2, 1, 2, 0, 0, 2, 1, 2, 0, 0, 2, 0, 1, 1, 2, 0, 1, 2, 1, 2, 1, 1, 0, 2, 0, 0, 2, 0, 0, 1, 0, 2, 0, 0, 0, 0, 2]}},
			{"instance": 8, "evals": 5000, "best": {"evals": 783, "y": 0.6, "x": [2, 2, 1, 1, 2, 2, 1, 1, 1, 2, 1, 1, 1, 1, 0, 2, 1, 2, 0, 0, 2, 1, 1, 0, 1, 1, 1, 1, 0, 0, 1, 1, 0, 2, 1, 0, 2, 0, 1, 1, 0, 0, 0, 2, 2, 2, 0, 2, 1, 2, 2, 0, 0, 1, 1, 0, 0, 0, 1, 2]}},
			{"instance": 8, "evals": 5000, "best": {"evals": 2210, "y": 0.5833333333333334, "x": [1, 2, 1, 2, 1, 2, 0, 0, 0, 1, 0, 0, 0, 1, 2, 0, 0, 0, 1, 0, 1, 0, 1, 2, 2, 1, 1, 0, 1, 2, 1, 0, 1, 1, 1, 1, 1, 0, 2, 2, 2, 2, 2, 0, 0, 0, 1, 1, 2, 0, 1, 2, 2, 1, 1, 0, 0, 1, 2, 0]}},
			{"instance": 8, "evals": 5000, "best": {"evals": 3858, "y": 0.5833333333333334, "x": [0, 0, 1, 0, 0, 0, 0, 1, 0, 0, 1, 2, 2, 1, 1, 1, 1, 1, 1, 0, 1, 0, 1, 1, 2, 1, 1, 2, 2, 2, 1, 2, 1, 1, 0, 0, 0, 2, 2, 0, 0, 0, 2, 0, 0, 0, 0, 0, 0, 2, 2, 1, 2, 0, 0, 2, 0, 1, 2, 0]}},
			{"instance": 8, "evals": 5000, "best": {"evals": 4009, "y": 0.6, "x": [0, 1, 1, 0, 1, 0, 1, 0, 2, 0, 2, 2, 1, 0, 0, 1, 2, 1, 2, 0, 2, 0, 0, 0, 2, 2, 1, 2, 0, 2, 1, 2, 2, 0, 0, 0, 2, 1, 1, 1, 0, 0, 2, 1, 2, 2, 0, 1, 1, 1, 0, 1, 2, 1, 1, 2, 0, 0, 1, 1]}}
		]}
	]
}
