{
	"version": "0.3.5", 
	"suite": "unknown_suite", 
	"function_id": 26, 
	"function_name": "exp_3_problem_9.2", 
	"maximization": true, 
	"algorithm": {"name": "exp_3_problem_9.2", "info": "algorithm_info"},
	"attributes": ["evaluations", "raw_y"],
	"scenarios": [
		{"dimension": 60,
		"path": "data_f26_exp_3_problem_9.2/IOHprofiler_f26_DIM60.dat",
		"runs": [
			{"instance": 8, "evals": 5000, "best": {"evals": 4109, "y": 1.5280423280423279, "x": [0, 0, 2, 2, 1, 1, 1, 0, 0, 1, 1, 0, 0, 2, 0, 2, 1, 2, 0, 0, 0, 1, 1, 0, 2, 1, 1, 0, 2, 1, 1, 2, 0, 0, 1, 2, 1, 1, 2, 0, 1, 0, 2, 0, 0, 0, 2, 0, 2, 1, 2, 0, 1, 0, 1, 0, 0, 2, 0, 0]}},
			{"instance": 8, "evals": 5000, "best": {"evals": 4942, "y": 2.1392592592592594, "x": [0, 1, 0, 0, 2, 0, 0, 1, 1, 0, 0, 0, 0, 2, 1, 0, 0, 1, 2, 1, 1, 1, 0, 2, 1, 2, 1, 2, 0, 0, 2, 2, 2, 2, 0, 1, 0, 0, 0, 1, 0, 0, 1, 2, 0, 0, 1, 1, 2, 0, 0, 0, 0, 0, 1, 0, 0, 0, 0, 0]}},
			{"instance": 8, "evals": 5000, "best": {"evals": 4505, "y": 2.5606060606060606, "x": [2, 2, 1, 2, 0, 2, 1, 2, 0, 2, 1, 1, 0, 1, 0, 1, 2, 0, 0, 2, 2, 0, 2, 0, 1, 2, 1, 1, 2, 1, 1, 0, 0, 0, 0, 2, 0, 0, 1, 2, 0, 0, 0, 1, 1, 0, 0, 2, 0, 0, 1, 0, 0, 0, 2, 0, 0, 0, 0, 2]}},
			{"instance": 8, "evals": 5000, "best": {"evals": 4170, "y": 1.4545454545454544, "x": [0, 2, 1, 1, 2, 2, 1, 2, 0, 1, 2, 1, 0, 0, 0, 1, 0, 2, 2, 1, 1, 2, 2, 2, 2, 2, 2, 0, 1, 1, 1, 1, 2, 2, 0, 0, 1, 0, 1, 2, 0, 2, 0, 2, 0, 0, 1, 0, 0, 1, 2, 0, 0, 0, 2, 0, 0, 1, 1, 2]}},
			{"instance": 8, "evals": 5000, "best": {"evals": 4393, "y": 1.8779149519890264, "x": [2, 2, 2, 2, 1, 2, 0, 1, 0, 2, 0, 0, 0, 2, 2, 1, 2, 1, 0, 2, 2, 2, 0, 0, 1, 1, 1, 1, 1, 1, 1, 2, 0, 1, 2, 0, 2, 2, 0, 0, 0, 0, 2, 0, 0, 0, 1, 2, 0, 0, 0, 2, 0, 0, 1, 0, 2, 0, 0, 1]}},
			{"instance": 8, "evals": 5000, "best": {"evals": 4749, "y": 1.2962962962962963, "x": [0, 0, 1, 0, 1, 1, 1, 1, 1, 0, 0, 2, 1, 2, 1, 2, 0, 0, 0, 0, 0, 2, 0, 2, 2, 0, 0, 2, 1, 2, 2, 2, 1, 2, 0, 1, 2, 0, 1, 2, 0, 0, 0, 1, 0, 0, 1, 1, 2, 0, 1, 2, 0, 1, 2, 1, 1, 2, 0, 0]}},
			{"instance": 8, "evals": 5000, "best": {"evals": 4150, "y": 1.3811230585424132, "x": [1, 1, 2, 2, 0, 2, 2, 0, 2, 1, 0, 2, 0, 0, 1, 2, 0, 0, 0, 2, 0, 2, 1, 2, 1, 0, 0, 0, 0, 1, 2, 0, 0, 2, 0, 2, 1, 1, 0, 0, 0, 1, 1, 2, 0, 0, 2, 0, 0, 0, 1, 2, 0, 0, 1, 0, 0, 1, 1, 2]}},
			{"instance": 8, "evals": 5000, "best": {"evals": 2485, "y": 1.2232804232804233, "x": [1, 2, 1, 2, 2, 1, 0, 2, 2, 0, 1, 0, 2, 2, 2, 1, 1, 1, 2, 1, 0, 1, 0, 2, 2, 0, 2, 1, 1, 2, 0, 1, 0, 1, 1, 1, 2, 1, 1, 0, 1, 0, 2, 2, 2, 1, 0, 1, 0, 2, 1, 2, 1, 0, 2, 0, 0, 1, 0, 2]}},
			{"instance": 8, "evals": 5000, "best": {"evals": 2114, "y": 1.5364758698092031, "x": [2, 1, 1, 1, 1, 2, 2, 0, 1, 2, 1, 2, 2, 0, 0, 1, 0, 0, 0, 1, 0, 1, 0, 2, 2, 1, 1, 0, 0, 1, 2, 0, 0, 0, 1, 1, 1, 2, 2, 0, 2, 2, 0, 0, 0, 1, 2, 1, 0, 0, 2, 0, 0, 0, 0, 2, 0, 0, 1, 2]}},
			{"instance": 8, "evals": 5000, "best": {"evals": 4606, "y": 1.9425287356321839, "x": [0, 0, 1, 0, 2, 2, 2, 0, 2, 1, 1, 2, 2, 2, 1, 0, 1, 0, 0, 1, 1, 0, 1, 0, 1, 0, 0, 0, 0, 0, 2, 0, 2, 0, 2, 0, 0, 2, 1, 0, 2, 0, 0, 1, 0, 2, 0, 0, 1, 2, 0, 0, 0, 1, 2, 0, 1, 0, 2, 0]}}
		]}
	]
}
