{
	"version": "0.3.5", 
	"suite": "unknown_suite", 
	"function_id": 26, 
	"function_name": "exp_3_problem_7.1", 
	"maximization": true, 
	"algorithm": {"name": "exp_3_problem_7.1", "info": "algorithm_info"},
	"attributes": ["evaluations", "raw_y"],
	"scenarios": [
		{"dimension": 60,
		"path": "data_f26_exp_1_problem_7.1/IOHprofiler_f26_DIM60.dat",
		"runs": [
			{"instance": 8, "evals": 5000, "best": {"evals": 223, "y": 0.5833333333333334, "x": [1, 2, 2, 0, 2, 0, 1, 2, 1, 2, 2, 1, 2, 1, 0, 0, 1, 2, 0, 2, 2, 2, 0, 2, 0, 0, 0, 0, 0, 0, 1, 1, 0, 2, 0, 2, 2, 0, 1, 2, 2, 1, 2, 1, 1, 1, 1, 1, 2, 0, 2, 0, 2, 0, 2, 0, 2, 2, 0, 0]}},
			{"instance": 8, "evals": 5000, "best": {"evals": 323, "y": 0.5666666666666667, "x": [2, 2, 0, 2, 0, 0, 2, 2, 2, 2, 0, 2, 2, 1, 1, 1, 2, 1, 0, 0, 2, 1, 2, 2, 1, 0, 1, 1, 2, 2, 0, 0, 1, 2, 1, 0, 2, 2, 0, 2, 0, 2, 0, 2, 0, 2, 0, 1, 1, 1, 1, 2, 2, 0, 1, 2, 2, 1, 1, 1]}},
			{"instance": 8, "evals": 5000, "best": {"evals": 1, "y": 0.55, "x": [1, 2, 2, 0, 2, 0, 1, 0, 2, 2, 1, 2, 1, 0, 2, 0, 0, 2, 0, 0, 1, 0, 1, 0, 1, 0, 2, 1, 1, 0, 0, 2, 2, 1, 1, 1, 1, 2, 0, 0, 0, 2, 0, 2, 2, 1, 2, 0, 1, 0, 2, 1, 2, 1, 1, 1, 0, 2, 0, 2]}},
			{"instance": 8, "evals": 5000, "best": {"evals": 1, "y": 0.55, "x": [2, 2, 0, 0, 1, 0, 0, 2, 1, 0, 0, 0, 2, 2, 0, 1, 0, 0, 2, 1, 2, 2, 2, 1, 2, 2, 0, 1, 2, 0, 2, 0, 1, 0, 1, 0, 0, 2, 1, 2, 2, 1, 0, 1, 0, 1, 2, 2, 0, 1, 2, 2, 1, 0, 1, 2, 1, 0, 2, 0]}},
			{"instance": 8, "evals": 5000, "best": {"evals": 60, "y": 0.5666666666666667, "x": [1, 0, 0, 0, 1, 0, 0, 0, 0, 2, 0, 1, 2, 2, 0, 1, 2, 0, 2, 0, 2, 0, 2, 0, 2, 2, 1, 0, 0, 1, 1, 1, 0, 0, 0, 0, 2, 2, 2, 2, 0, 2, 0, 1, 0, 1, 0, 0, 0, 0, 1, 2, 2, 2, 0, 0, 2, 1, 0, 2]}},
			{"instance": 8, "evals": 5000, "best": {"evals": 1, "y": 0.55, "x": [2, 2, 0, 1, 0, 2, 1, 2, 0, 1, 1, 1, 0, 0, 1, 2, 2, 1, 1, 0, 0, 1, 0, 1, 0, 1, 2, 0, 0, 0, 1, 1, 0, 2, 0, 1, 0, 2, 1, 1, 2, 0, 1, 2, 2, 1, 2, 2, 2, 1, 0, 1, 1, 1, 0, 1, 1, 2, 1, 1]}},
			{"instance": 8, "evals": 5000, "best": {"evals": 1, "y": 0.55, "x": [2, 0, 2, 0, 2, 1, 1, 0, 1, 2, 2, 0, 0, 0, 1, 1, 2, 1, 2, 1, 0, 2, 0, 0, 0, 1, 2, 1, 1, 1, 2, 1, 0, 2, 0, 1, 2, 1, 1, 1, 2, 1, 1, 0, 1, 0, 0, 2, 2, 0, 0, 2, 2, 2, 1, 1, 1, 0, 1, 1]}},
			{"instance": 8, "evals": 5000, "best": {"evals": 333, "y": 0.5666666666666667, "x": [1, 2, 1, 2, 1, 1, 0, 2, 2, 1, 1, 2, 2, 0, 2, 0, 2, 0, 2, 0, 2, 1, 1, 0, 2, 1, 1, 2, 2, 2, 0, 1, 2, 0, 2, 0, 2, 1, 2, 1, 2, 0, 2, 1, 2, 1, 1, 1, 2, 0, 1, 0, 1, 2, 1, 2, 1, 1, 0, 0]}},
			{"instance": 8, "evals": 5000, "best": {"evals": 1, "y": 0.55, "x": [2, 0, 1, 2, 0, 2, 0, 1, 1, 2, 0, 1, 1, 2, 0, 0, 1, 0, 1, 1, 0, 1, 0, 1, 1, 2, 2, 1, 0, 2, 0, 2, 2, 2, 2, 0, 2, 0, 2, 0, 2, 2, 1, 1, 2, 2, 0, 0, 0, 2, 1, 0, 2, 1, 1, 1, 0, 0, 0, 0]}},
			{"instance": 8, "evals": 5000, "best": {"evals": 1, "y": 0.55, "x": [1, 1, 1, 2, 0, 2, 0, 1, 1, 1, 1, 1, 1, 0, 2, 1, 0, 2, 2, 0, 2, 0, 1, 2, 1, 2, 1, 1, 1, 1, 0, 2, 0, 0, 1, 1, 0, 1, 0, 1, 1, 2, 2, 1, 1, 2, 2, 0, 2, 1, 2, 2, 0, 2, 1, 2, 1, 0, 0, 1]}}
		]}
	]
}
