{
	"version": "0.3.5", 
	"suite": "unknown_suite", 
	"function_id": 26, 
	"function_name": "exp_1_problem_6.2", 
	"maximization": true, 
	"algorithm": {"name": "algorithm_name", "info": "algorithm_info"},
	"attributes": ["evaluations", "raw_y"],
	"scenarios": [
		{"dimension": 60,
		"path": "data_f26_exp_1_problem_6.2/IOHprofiler_f26_DIM60.dat",
		"runs": [
			{"instance": 8, "evals": 5000, "best": {"evals": 4648, "y": 0.8666666666666667, "x": [2, 2, 2, 1, 0, 0, 0, 0, 2, 1, 2, 2, 1, 0, 1, 2, 2, 1, 2, 0, 1, 0, 0, 1, 0, 0, 2, 2, 2, 0, 1, 2, 2, 0, 1, 2, 2, 0, 0, 1, 0, 2, 2, 2, 0, 0, 1, 1, 0, 0, 0, 1, 2, 1, 0, 2, 2, 0, 2, 2]}},
			{"instance": 8, "evals": 5000, "best": {"evals": 4988, "y": 0.8666666666666667, "x": [2, 1, 1, 1, 1, 1, 0, 1, 0, 0, 2, 2, 1, 1, 2, 1, 2, 2, 2, 2, 0, 1, 0, 1, 2, 2, 1, 1, 2, 2, 1, 1, 2, 0, 1, 0, 2, 2, 2, 1, 0, 2, 1, 2, 0, 1, 0, 1, 2, 1, 1, 2, 2, 0, 1, 1, 2, 1, 2, 0]}},
			{"instance": 8, "evals": 5000, "best": {"evals": 4116, "y": 0.85, "x": [1, 0, 2, 0, 1, 1, 0, 0, 2, 0, 0, 0, 2, 2, 1, 1, 2, 2, 2, 2, 0, 1, 1, 1, 2, 2, 1, 1, 0, 1, 0, 2, 0, 1, 0, 2, 1, 2, 2, 0, 1, 1, 2, 0, 0, 1, 1, 2, 1, 0, 1, 2, 0, 0, 1, 2, 2, 1, 2, 0]}},
			{"instance": 8, "evals": 5000, "best": {"evals": 4072, "y": 0.8666666666666667, "x": [1, 2, 1, 0, 1, 2, 1, 2, 1, 0, 2, 0, 1, 0, 0, 0, 2, 1, 2, 0, 0, 0, 0, 2, 1, 1, 1, 1, 0, 2, 0, 1, 2, 0, 1, 2, 2, 0, 0, 0, 0, 2, 2, 0, 0, 2, 1, 1, 1, 0, 2, 1, 2, 0, 0, 2, 0, 0, 1, 2]}},
			{"instance": 8, "evals": 5000, "best": {"evals": 4508, "y": 0.8666666666666667, "x": [0, 0, 0, 0, 0, 2, 1, 1, 2, 2, 0, 1, 1, 1, 0, 0, 2, 2, 2, 0, 0, 0, 0, 1, 0, 2, 0, 2, 0, 0, 1, 0, 2, 1, 1, 1, 2, 0, 0, 1, 1, 1, 0, 0, 1, 1, 2, 0, 1, 1, 1, 1, 0, 0, 1, 2, 2, 1, 2, 2]}},
			{"instance": 8, "evals": 5000, "best": {"evals": 4968, "y": 0.8666666666666667, "x": [1, 0, 0, 2, 0, 1, 1, 0, 2, 1, 2, 0, 1, 2, 1, 0, 2, 2, 2, 0, 0, 0, 2, 0, 2, 2, 0, 1, 2, 0, 1, 0, 1, 1, 0, 1, 1, 2, 0, 1, 0, 1, 2, 0, 2, 1, 1, 1, 1, 1, 0, 2, 0, 0, 0, 2, 1, 1, 1, 2]}},
			{"instance": 8, "evals": 5000, "best": {"evals": 4595, "y": 0.8666666666666667, "x": [0, 1, 0, 1, 1, 1, 1, 0, 2, 0, 2, 2, 1, 1, 1, 0, 2, 2, 2, 2, 2, 1, 1, 0, 1, 0, 0, 1, 2, 0, 1, 2, 1, 2, 1, 1, 2, 1, 2, 1, 0, 2, 2, 2, 0, 1, 1, 1, 0, 1, 1, 0, 0, 0, 1, 2, 0, 1, 2, 2]}},
			{"instance": 8, "evals": 5000, "best": {"evals": 4231, "y": 0.8666666666666667, "x": [2, 2, 1, 0, 1, 1, 1, 1, 1, 0, 2, 2, 1, 0, 0, 0, 2, 1, 2, 0, 0, 1, 1, 2, 2, 2, 1, 1, 2, 1, 0, 1, 2, 0, 1, 1, 2, 0, 0, 0, 0, 2, 2, 2, 1, 0, 1, 0, 0, 1, 1, 2, 1, 0, 1, 2, 2, 2, 0, 1]}},
			{"instance": 8, "evals": 5000, "best": {"evals": 4105, "y": 0.8666666666666667, "x": [2, 1, 0, 1, 0, 2, 2, 0, 1, 2, 0, 1, 2, 1, 1, 1, 2, 2, 0, 0, 0, 1, 1, 1, 0, 1, 0, 2, 0, 0, 0, 1, 0, 1, 1, 1, 2, 0, 0, 0, 0, 1, 2, 0, 0, 2, 2, 0, 1, 1, 2, 2, 1, 2, 1, 1, 2, 1, 0, 2]}},
			{"instance": 8, "evals": 5000, "best": {"evals": 2446, "y": 0.8666666666666667, "x": [1, 1, 0, 1, 2, 1, 1, 1, 1, 1, 1, 0, 2, 1, 1, 0, 2, 2, 2, 2, 1, 1, 2, 0, 2, 2, 1, 1, 2, 0, 0, 1, 2, 0, 1, 2, 2, 0, 2, 1, 0, 1, 2, 0, 0, 1, 1, 1, 0, 0, 1, 2, 0, 0, 0, 2, 0, 0, 2, 2]}}
		]}
	]
}
