{
	"version": "0.3.5", 
	"suite": "unknown_suite", 
	"function_id": 26, 
	"function_name": "exp_1_problem_9.2", 
	"maximization": true, 
	"algorithm": {"name": "algorithm_name", "info": "algorithm_info"},
	"attributes": ["evaluations", "raw_y"],
	"scenarios": [
		{"dimension": 60,
		"path": "data_f26_exp_1_problem_9.2/IOHprofiler_f26_DIM60.dat",
		"runs": [
			{"instance": 8, "evals": 5000, "best": {"evals": 2163, "y": 0.6, "x": [2, 2, 1, 1, 1, 0, 2, 0, 0, 1, 2, 2, 2, 2, 0, 1, 0, 1, 2, 2, 0, 2, 2, 0, 2, 1, 1, 0, 0, 0, 2, 0, 1, 0, 0, 1, 0, 0, 2, 0, 0, 1, 1, 2, 0, 0, 1, 0, 0, 1, 2, 0, 0, 0, 0, 2, 0, 1, 0, 2]}},
			{"instance": 8, "evals": 5000, "best": {"evals": 2681, "y": 0.6, "x": [1, 2, 0, 0, 0, 2, 1, 0, 1, 0, 0, 0, 1, 0, 1, 0, 0, 0, 1, 1, 1, 2, 0, 0, 1, 0, 1, 1, 2, 2, 0, 1, 0, 1, 1, 1, 0, 2, 2, 2, 2, 1, 1, 0, 0, 1, 1, 0, 1, 0, 0, 2, 0, 0, 0, 0, 2, 1, 0, 2]}},
			{"instance": 8, "evals": 5000, "best": {"evals": 2075, "y": 0.5833333333333334, "x": [0, 2, 2, 1, 1, 1, 0, 2, 2, 1, 0, 1, 0, 0, 0, 1, 2, 0, 2, 1, 1, 1, 0, 1, 2, 0, 0, 1, 1, 1, 1, 1, 2, 0, 0, 2, 0, 0, 0, 2, 2, 2, 1, 2, 2, 0, 2, 0, 2, 0, 0, 2, 1, 2, 2, 0, 1, 2, 0, 0]}},
			{"instance": 8, "evals": 5000, "best": {"evals": 4871, "y": 0.6166666666666667, "x": [1, 2, 1, 2, 0, 0, 1, 1, 0, 2, 2, 1, 2, 2, 0, 1, 1, 0, 0, 0, 2, 0, 0, 2, 0, 1, 2, 1, 1, 2, 1, 0, 2, 1, 2, 2, 1, 1, 2, 0, 1, 1, 2, 0, 0, 2, 1, 2, 2, 1, 2, 2, 0, 0, 2, 1, 0, 2, 0, 0]}},
			{"instance": 8, "evals": 5000, "best": {"evals": 2621, "y": 0.5833333333333334, "x": [0, 0, 1, 2, 1, 2, 2, 0, 1, 1, 2, 2, 0, 1, 1, 0, 1, 0, 0, 1, 0, 1, 1, 2, 0, 1, 0, 1, 1, 2, 0, 2, 2, 0, 1, 1, 2, 0, 2, 2, 2, 0, 0, 2, 0, 1, 2, 0, 0, 2, 0, 0, 0, 0, 0, 2, 0, 1, 0, 2]}},
			{"instance": 8, "evals": 5000, "best": {"evals": 2694, "y": 0.6333333333333333, "x": [2, 2, 1, 0, 0, 1, 0, 1, 2, 0, 2, 0, 1, 2, 2, 0, 2, 1, 1, 1, 1, 0, 1, 2, 1, 0, 1, 2, 0, 0, 1, 0, 2, 0, 0, 1, 0, 0, 0, 2, 2, 2, 1, 1, 2, 0, 1, 0, 0, 0, 0, 2, 0, 2, 2, 0, 0, 0, 2, 0]}},
			{"instance": 8, "evals": 5000, "best": {"evals": 221, "y": 0.6, "x": [0, 2, 2, 2, 1, 0, 2, 1, 0, 2, 2, 0, 0, 2, 0, 1, 1, 2, 0, 1, 0, 2, 1, 0, 2, 2, 2, 0, 2, 1, 1, 1, 0, 0, 0, 1, 0, 0, 2, 1, 1, 2, 0, 0, 0, 0, 2, 0, 0, 1, 1, 0, 0, 0, 1, 1, 2, 1, 1, 2]}},
			{"instance": 8, "evals": 5000, "best": {"evals": 2903, "y": 0.5666666666666667, "x": [1, 0, 1, 1, 2, 1, 0, 1, 1, 1, 2, 2, 1, 0, 1, 2, 0, 0, 0, 2, 1, 2, 1, 2, 1, 0, 0, 0, 1, 2, 0, 0, 1, 1, 1, 2, 2, 0, 2, 2, 1, 1, 1, 1, 2, 0, 2, 1, 0, 1, 0, 2, 0, 0, 0, 0, 0, 0, 1, 2]}},
			{"instance": 8, "evals": 5000, "best": {"evals": 4193, "y": 0.5666666666666667, "x": [0, 1, 0, 0, 2, 1, 1, 0, 0, 2, 2, 2, 1, 2, 0, 2, 1, 1, 0, 2, 1, 1, 1, 1, 0, 0, 1, 1, 1, 1, 1, 1, 2, 2, 1, 2, 1, 2, 1, 0, 0, 0, 0, 2, 2, 0, 0, 1, 1, 1, 0, 1, 2, 0, 0, 0, 2, 1, 0, 2]}},
			{"instance": 8, "evals": 5000, "best": {"evals": 4146, "y": 0.6, "x": [2, 2, 1, 2, 0, 0, 0, 0, 2, 0, 2, 0, 2, 1, 1, 1, 0, 1, 0, 2, 1, 1, 1, 2, 1, 0, 2, 1, 2, 2, 1, 1, 2, 1, 0, 2, 1, 0, 1, 1, 1, 2, 0, 0, 1, 1, 2, 0, 0, 1, 1, 0, 0, 2, 1, 0, 2, 0, 0, 0]}}
		]}
	]
}
