{
	"version": "0.3.5", 
	"suite": "unknown_suite", 
	"function_id": 26, 
	"function_name": "exp_1_problem_10.2", 
	"maximization": true, 
	"algorithm": {"name": "algorithm_name", "info": "algorithm_info"},
	"attributes": ["evaluations", "raw_y"],
	"scenarios": [
		{"dimension": 60,
		"path": "data_f26_exp_1_problem_10.2/IOHprofiler_f26_DIM60.dat",
		"runs": [
			{"instance": 8, "evals": 5000, "best": {"evals": 4201, "y": 0.7166666666666667, "x": [1, 0, 0, 2, 0, 1, 1, 2, 2, 1, 0, 1, 1, 1, 0, 2, 2, 1, 0, 2, 1, 0, 0, 2, 2, 0, 1, 1, 0, 0, 2, 1, 2, 1, 1, 1, 1, 0, 1, 1, 0, 1, 1, 1, 2, 2, 0, 2, 1, 0, 2, 2, 2, 1, 1, 2, 1, 1, 1, 2]}},
			{"instance": 8, "evals": 5000, "best": {"evals": 194, "y": 0.7166666666666667, "x": [2, 1, 0, 1, 0, 1, 2, 0, 2, 1, 1, 2, 0, 2, 2, 1, 1, 2, 0, 1, 1, 0, 2, 2, 0, 2, 1, 2, 0, 2, 2, 2, 0, 1, 1, 1, 2, 1, 2, 1, 2, 0, 1, 0, 1, 2, 1, 1, 0, 2, 0, 2, 2, 2, 1, 1, 2, 2, 1, 1]}},
			{"instance": 8, "evals": 5000, "best": {"evals": 416, "y": 0.75, "x": [2, 2, 0, 1, 1, 1, 1, 1, 0, 1, 2, 2, 0, 1, 2, 0, 2, 0, 2, 1, 0, 2, 0, 1, 1, 0, 0, 2, 0, 1, 2, 2, 2, 0, 0, 1, 1, 2, 1, 1, 2, 1, 0, 0, 0, 1, 2, 1, 1, 1, 2, 2, 2, 1, 2, 2, 0, 2, 1, 1]}},
			{"instance": 8, "evals": 5000, "best": {"evals": 77, "y": 0.7166666666666667, "x": [2, 1, 0, 2, 1, 0, 0, 2, 2, 1, 1, 1, 1, 2, 2, 0, 2, 2, 0, 1, 2, 1, 2, 0, 1, 0, 2, 0, 0, 0, 1, 0, 1, 0, 2, 0, 1, 1, 2, 1, 0, 0, 1, 0, 0, 1, 0, 1, 2, 0, 0, 1, 0, 1, 2, 0, 2, 1, 2, 1]}},
			{"instance": 8, "evals": 5000, "best": {"evals": 103, "y": 0.75, "x": [0, 2, 1, 0, 0, 1, 1, 1, 2, 2, 2, 1, 1, 1, 2, 2, 1, 0, 2, 0, 0, 1, 0, 2, 1, 2, 0, 1, 1, 2, 2, 1, 2, 1, 1, 2, 0, 0, 0, 0, 2, 1, 1, 2, 2, 2, 0, 2, 0, 1, 0, 0, 1, 2, 2, 2, 0, 0, 2, 1]}},
			{"instance": 8, "evals": 5000, "best": {"evals": 666, "y": 0.7333333333333333, "x": [2, 1, 1, 0, 0, 2, 1, 1, 1, 0, 0, 0, 1, 0, 0, 2, 2, 1, 0, 2, 2, 0, 1, 1, 1, 1, 2, 1, 0, 1, 1, 2, 0, 1, 1, 2, 2, 1, 1, 0, 1, 2, 0, 0, 1, 1, 1, 0, 1, 1, 2, 2, 1, 2, 2, 1, 0, 2, 1, 1]}},
			{"instance": 8, "evals": 5000, "best": {"evals": 142, "y": 0.75, "x": [1, 0, 2, 0, 1, 1, 2, 1, 0, 0, 0, 1, 2, 0, 2, 0, 2, 2, 1, 2, 2, 0, 2, 1, 2, 1, 2, 0, 2, 2, 0, 1, 2, 1, 1, 2, 0, 1, 0, 0, 1, 2, 2, 0, 0, 1, 0, 2, 0, 1, 1, 2, 2, 2, 2, 1, 1, 0, 0, 2]}},
			{"instance": 8, "evals": 5000, "best": {"evals": 297, "y": 0.7166666666666667, "x": [0, 1, 0, 2, 2, 1, 0, 0, 1, 0, 0, 0, 2, 0, 2, 2, 1, 1, 0, 1, 2, 2, 1, 0, 0, 1, 0, 0, 1, 0, 2, 1, 1, 2, 2, 2, 2, 2, 1, 0, 0, 2, 1, 0, 2, 2, 0, 0, 2, 2, 1, 0, 0, 1, 2, 0, 2, 0, 2, 0]}},
			{"instance": 8, "evals": 5000, "best": {"evals": 573, "y": 0.7166666666666667, "x": [1, 1, 2, 2, 1, 2, 0, 1, 0, 0, 1, 1, 0, 1, 1, 1, 1, 0, 1, 2, 0, 1, 1, 2, 0, 1, 0, 1, 0, 0, 2, 0, 1, 1, 1, 2, 2, 2, 1, 0, 0, 2, 2, 1, 0, 1, 1, 2, 1, 0, 0, 2, 2, 0, 1, 0, 2, 2, 2, 2]}},
			{"instance": 8, "evals": 5000, "best": {"evals": 696, "y": 0.7166666666666667, "x": [0, 0, 2, 0, 1, 1, 2, 0, 2, 1, 0, 2, 1, 2, 0, 2, 0, 1, 1, 1, 0, 0, 1, 1, 1, 1, 0, 1, 2, 0, 0, 0, 0, 0, 0, 0, 1, 2, 0, 2, 0, 1, 0, 2, 1, 1, 0, 0, 1, 0, 0, 1, 1, 2, 0, 2, 2, 0, 1, 2]}}
		]}
	]
}
