{
	"version": "0.3.5", 
	"suite": "unknown_suite", 
	"function_id": 26, 
	"function_name": "objective_function_ca_1", 
	"maximization": true, 
	"algorithm": {"name": "algorithm_name", "info": "algorithm_info"},
	"attributes": ["evaluations", "raw_y"],
	"scenarios": [
		{"dimension": 10,
		"path": "data_f26_objective_function_ca_1/IOHprofiler_f26_DIM10.dat",
		"runs": [
			{"instance": 1, "evals": 1000, "best": {"evals": 82, "y": 99.9657521314951, "x": [1, 1, 0, 1, 1, 1, 1, 0, 0, 0]}},
			{"instance": 1, "evals": 1000, "best": {"evals": 620, "y": 99.91217570823702, "x": [0, 0, 1, 1, 1, 0, 1, 1, 1, 1]}},
			{"instance": 1, "evals": 1000, "best": {"evals": 36, "y": 99.90460085669278, "x": [0, 1, 1, 1, 1, 1, 0, 0, 0, 0]}},
			{"instance": 1, "evals": 1000, "best": {"evals": 956, "y": 99.97143653818034, "x": [1, 0, 1, 0, 1, 1, 0, 1, 0, 1]}},
			{"instance": 1, "evals": 1000, "best": {"evals": 162, "y": 99.99063089548825, "x": [1, 0, 1, 1, 1, 0, 1, 0, 0, 0]}},
			{"instance": 1, "evals": 1000, "best": {"evals": 119, "y": 99.94576778226873, "x": [1, 0, 0, 1, 1, 0, 1, 0, 1, 0]}},
			{"instance": 1, "evals": 1000, "best": {"evals": 501, "y": 99.94539929555789, "x": [1, 0, 1, 1, 0, 1, 1, 1, 0, 1]}},
			{"instance": 1, "evals": 1000, "best": {"evals": 762, "y": 99.98837355652182, "x": [1, 0, 0, 1, 0, 0, 1, 1, 1, 0]}},
			{"instance": 1, "evals": 1000, "best": {"evals": 838, "y": 99.94721595857283, "x": [1, 1, 0, 0, 0, 1, 0, 1, 1, 1]}},
			{"instance": 1, "evals": 1000, "best": {"evals": 531, "y": 99.96034299921904, "x": [1, 1, 0, 1, 1, 1, 0, 1, 0, 0]}}
		]}
	]
}
