{
	"version": "0.3.5", 
	"suite": "unknown_suite", 
	"function_id": 26, 
	"function_name": "objective_function_ca_1", 
	"maximization": true, 
	"algorithm": {"name": "algorithm_name", "info": "algorithm_info"},
	"attributes": ["evaluations", "raw_y"],
	"scenarios": [
		{"dimension": 60,
		"path": "data_f26_objective_function_ca_1/IOHprofiler_f26_DIM60.dat",
		"runs": [
			{"instance": 8, "evals": 1000, "best": {"evals": 555, "y": -9, "x": [2, 2, 2, 2, 2, 1, 2, 1, 2, 2, 1, 2, 2, 1, 0, 0, 2, 1, 0, 1, 2, 0, 2, 1, 0, 0, 1, 0, 2, 1, 0, 2, 1, 1, 2, 2, 2, 1, 0, 2, 0, 1, 1, 2, 0, 0, 1, 2, 2, 1, 2, 1, 0, 2, 1, 2, 2, 0, 0, 0]}},
			{"instance": 8, "evals": 1000, "best": {"evals": 82, "y": -7, "x": [1, 0, 2, 2, 1, 2, 1, 2, 2, 0, 0, 0, 1, 2, 1, 2, 2, 2, 1, 0, 0, 2, 2, 0, 1, 0, 1, 0, 0, 1, 1, 0, 0, 0, 0, 0, 0, 2, 0, 1, 2, 2, 2, 0, 0, 0, 0, 2, 1, 1, 2, 1, 2, 2, 1, 1, 2, 1, 1, 2]}},
			{"instance": 8, "evals": 1000, "best": {"evals": 768, "y": -10, "x": [0, 2, 0, 2, 2, 1, 1, 0, 2, 0, 1, 1, 2, 0, 1, 2, 1, 1, 1, 2, 2, 1, 0, 0, 2, 0, 2, 0, 2, 1, 2, 0, 1, 1, 1, 1, 0, 0, 0, 1, 1, 2, 0, 0, 1, 1, 2, 0, 1, 2, 0, 1, 2, 1, 0, 1, 1, 0, 0, 2]}},
			{"instance": 8, "evals": 1000, "best": {"evals": 486, "y": -8, "x": [2, 1, 1, 2, 1, 0, 2, 0, 0, 1, 1, 2, 2, 1, 2, 2, 1, 2, 1, 1, 0, 2, 0, 2, 1, 2, 0, 1, 1, 0, 0, 0, 0, 0, 2, 1, 0, 0, 0, 0, 1, 2, 0, 1, 0, 1, 1, 0, 1, 2, 0, 1, 1, 2, 1, 0, 0, 0, 0, 2]}},
			{"instance": 8, "evals": 1000, "best": {"evals": 443, "y": -5, "x": [0, 2, 2, 1, 0, 1, 0, 2, 1, 2, 0, 0, 1, 0, 1, 1, 2, 2, 1, 2, 0, 0, 0, 2, 2, 2, 1, 2, 0, 0, 2, 0, 2, 2, 0, 2, 2, 0, 0, 1, 1, 1, 0, 0, 0, 0, 0, 0, 0, 1, 1, 0, 2, 0, 0, 1, 1, 2, 0, 0]}},
			{"instance": 8, "evals": 1000, "best": {"evals": 219, "y": -9, "x": [0, 1, 1, 1, 1, 0, 0, 0, 2, 0, 1, 0, 1, 1, 1, 1, 1, 0, 0, 1, 0, 1, 1, 1, 1, 1, 0, 1, 0, 2, 2, 2, 0, 1, 2, 2, 0, 1, 1, 1, 0, 2, 0, 0, 2, 0, 1, 0, 2, 0, 0, 0, 0, 2, 0, 1, 2, 0, 0, 1]}},
			{"instance": 8, "evals": 1000, "best": {"evals": 323, "y": -8, "x": [0, 1, 2, 1, 2, 1, 0, 2, 2, 1, 0, 2, 1, 1, 1, 2, 2, 1, 0, 1, 1, 0, 1, 0, 0, 2, 1, 0, 2, 2, 2, 2, 0, 1, 2, 0, 2, 1, 2, 0, 2, 2, 0, 0, 1, 2, 1, 2, 2, 0, 0, 0, 2, 0, 1, 1, 0, 0, 1, 2]}},
			{"instance": 8, "evals": 1000, "best": {"evals": 148, "y": -9, "x": [0, 1, 2, 0, 2, 1, 0, 1, 1, 1, 2, 0, 1, 1, 2, 1, 1, 1, 2, 2, 1, 0, 2, 1, 1, 2, 1, 0, 1, 0, 2, 1, 1, 2, 1, 0, 2, 0, 0, 1, 1, 0, 0, 0, 2, 1, 0, 0, 1, 0, 1, 1, 0, 2, 1, 2, 2, 0, 0, 2]}},
			{"instance": 8, "evals": 1000, "best": {"evals": 729, "y": -7, "x": [1, 1, 0, 2, 0, 0, 1, 2, 2, 0, 0, 1, 0, 2, 2, 2, 2, 2, 0, 0, 1, 2, 0, 1, 2, 1, 2, 2, 1, 2, 0, 1, 2, 2, 0, 0, 2, 0, 2, 2, 1, 2, 1, 2, 2, 2, 1, 2, 1, 2, 0, 0, 0, 0, 0, 2, 1, 1, 2, 0]}},
			{"instance": 8, "evals": 1000, "best": {"evals": 575, "y": -10, "x": [1, 2, 2, 0, 0, 0, 0, 0, 1, 0, 2, 1, 0, 0, 0, 2, 1, 0, 0, 1, 2, 2, 2, 0, 2, 0, 0, 0, 1, 0, 0, 1, 0, 2, 2, 2, 1, 1, 0, 0, 0, 1, 0, 0, 0, 2, 0, 2, 2, 1, 0, 1, 2, 1, 1, 0, 0, 1, 1, 2]}}
		]}
	]
}
