{
	"version": "0.3.5", 
	"suite": "unknown_suite", 
	"function_id": 26, 
	"function_name": "objective_function_ca_1", 
	"maximization": true, 
	"algorithm": {"name": "algorithm_name", "info": "algorithm_info"},
	"attributes": ["evaluations", "raw_y"],
	"scenarios": [
		{"dimension": 60,
		"path": "data_f26_objective_function_ca_1/IOHprofiler_f26_DIM60.dat",
		"runs": [
			{"instance": 8, "evals": 1000, "best": {"evals": 260, "y": 0, "x": [2, 0, 1, 0, 1, 0, 1, 0, 1, 2, 0, 1, 0, 2, 1, 2, 0, 2, 0, 2, 0, 1, 0, 2, 0, 2, 0, 0, 0, 0, 1, 1, 2, 1, 2, 1, 2, 0, 1, 2, 0, 0, 1, 2, 0, 1, 0, 2, 0, 0, 0, 1, 1, 0, 0, 0, 1, 1, 2, 0]}},
			{"instance": 8, "evals": 1000, "best": {"evals": 354, "y": -10, "x": [2, 2, 2, 1, 2, 2, 0, 2, 0, 0, 0, 2, 1, 2, 0, 2, 2, 1, 1, 2, 1, 1, 1, 1, 1, 2, 2, 1, 2, 2, 0, 0, 1, 0, 2, 1, 1, 2, 1, 1, 0, 0, 0, 0, 1, 2, 0, 1, 0, 2, 0, 1, 2, 0, 2, 0, 2, 1, 1, 2]}},
			{"instance": 8, "evals": 1000, "best": {"evals": 195, "y": -6, "x": [0, 1, 2, 0, 0, 2, 0, 1, 2, 2, 1, 0, 0, 2, 0, 0, 2, 1, 1, 1, 2, 1, 1, 0, 0, 1, 2, 1, 1, 2, 2, 0, 2, 0, 0, 1, 1, 0, 2, 0, 2, 2, 0, 0, 0, 0, 2, 2, 1, 2, 0, 1, 2, 0, 0, 1, 1, 2, 0, 0]}},
			{"instance": 8, "evals": 1000, "best": {"evals": 587, "y": -7, "x": [1, 1, 2, 1, 1, 0, 1, 2, 1, 0, 0, 1, 2, 0, 2, 0, 0, 1, 2, 0, 1, 0, 0, 1, 1, 1, 2, 2, 2, 1, 2, 2, 2, 2, 2, 2, 0, 2, 1, 0, 0, 0, 2, 0, 0, 1, 1, 2, 0, 0, 0, 1, 0, 0, 0, 0, 2, 1, 0, 2]}},
			{"instance": 8, "evals": 1000, "best": {"evals": 20, "y": -10, "x": [1, 1, 2, 2, 1, 0, 2, 0, 0, 1, 0, 1, 1, 2, 1, 0, 1, 2, 0, 0, 0, 0, 0, 2, 2, 2, 0, 1, 1, 1, 1, 1, 0, 0, 0, 1, 1, 0, 1, 0, 0, 0, 1, 0, 1, 0, 0, 2, 0, 1, 2, 0, 0, 2, 1, 0, 2, 0, 0, 0]}},
			{"instance": 8, "evals": 1000, "best": {"evals": 450, "y": -2, "x": [0, 1, 0, 1, 1, 0, 2, 1, 0, 1, 2, 2, 0, 0, 2, 2, 0, 2, 1, 0, 2, 1, 0, 0, 0, 2, 2, 0, 2, 1, 2, 2, 1, 0, 2, 0, 1, 0, 1, 0, 1, 2, 0, 0, 2, 0, 0, 2, 0, 0, 1, 0, 0, 0, 0, 0, 0, 2, 0, 0]}},
			{"instance": 8, "evals": 1000, "best": {"evals": 838, "y": -8, "x": [0, 2, 1, 1, 0, 1, 2, 0, 1, 2, 1, 1, 0, 0, 1, 1, 2, 1, 2, 1, 1, 2, 0, 1, 1, 1, 0, 1, 0, 1, 2, 0, 2, 1, 2, 2, 1, 0, 1, 1, 2, 2, 2, 0, 1, 0, 2, 1, 2, 0, 2, 0, 2, 1, 1, 0, 2, 0, 0, 0]}},
			{"instance": 8, "evals": 1000, "best": {"evals": 208, "y": -4, "x": [0, 0, 0, 1, 2, 0, 2, 0, 0, 0, 0, 2, 2, 1, 0, 1, 2, 0, 0, 1, 1, 0, 0, 0, 2, 0, 2, 0, 2, 1, 2, 0, 2, 1, 2, 2, 0, 1, 1, 1, 2, 0, 2, 1, 0, 2, 1, 2, 2, 0, 1, 2, 0, 0, 2, 0, 0, 0, 0, 1]}},
			{"instance": 8, "evals": 1000, "best": {"evals": 239, "y": -7, "x": [1, 1, 0, 0, 1, 1, 1, 0, 0, 1, 0, 0, 0, 2, 1, 1, 2, 1, 2, 2, 2, 0, 0, 2, 1, 2, 2, 1, 2, 0, 2, 2, 2, 0, 1, 0, 0, 0, 0, 0, 0, 2, 0, 0, 0, 0, 2, 0, 0, 0, 1, 2, 0, 0, 1, 0, 2, 1, 2, 2]}},
			{"instance": 8, "evals": 1000, "best": {"evals": 981, "y": -11, "x": [0, 0, 0, 2, 0, 1, 0, 2, 1, 2, 0, 0, 0, 1, 2, 1, 0, 0, 2, 2, 0, 0, 0, 1, 2, 0, 1, 0, 1, 0, 0, 1, 1, 1, 1, 1, 0, 1, 2, 0, 2, 2, 2, 1, 1, 0, 0, 0, 0, 2, 1, 0, 2, 0, 0, 0, 0, 2, 0, 0]}}
		]}
	]
}
