{
	"version": "0.3.5", 
	"suite": "unknown_suite", 
	"function_id": 26, 
	"function_name": "exp_3_problem_10.2", 
	"maximization": true, 
	"algorithm": {"name": "exp_3_problem_10.2", "info": "algorithm_info"},
	"attributes": ["evaluations", "raw_y"],
	"scenarios": [
		{"dimension": 60,
		"path": "data_f26_exp_3_problem_10.2/IOHprofiler_f26_DIM60.dat",
		"runs": [
			{"instance": 8, "evals": 5000, "best": {"evals": 4151, "y": 0.46902901785714285, "x": [1, 2, 1, 2, 0, 2, 1, 0, 1, 1, 2, 0, 1, 1, 0, 2, 0, 1, 2, 2, 0, 2, 1, 0, 1, 1, 0, 2, 0, 2, 0, 0, 1, 1, 1, 1, 0, 1, 2, 1, 0, 1, 0, 0, 2, 1, 0, 0, 2, 1, 1, 1, 2, 1, 0, 2, 0, 0, 0, 1]}},
			{"instance": 8, "evals": 5000, "best": {"evals": 2358, "y": 0.5401785714285714, "x": [1, 1, 2, 1, 2, 0, 0, 0, 0, 2, 1, 1, 1, 2, 2, 0, 0, 0, 1, 1, 0, 0, 2, 0, 0, 1, 1, 0, 1, 2, 1, 2, 0, 2, 2, 0, 0, 0, 0, 1, 0, 0, 1, 1, 0, 1, 1, 2, 2, 0, 0, 2, 1, 2, 1, 2, 1, 0, 2, 0]}},
			{"instance": 8, "evals": 5000, "best": {"evals": 361, "y": 0.48355263157894735, "x": [2, 1, 0, 1, 2, 1, 2, 2, 2, 2, 0, 2, 0, 0, 0, 0, 1, 0, 2, 2, 2, 0, 1, 1, 2, 0, 0, 2, 0, 2, 2, 1, 1, 1, 0, 2, 0, 2, 2, 2, 1, 0, 1, 1, 2, 0, 2, 2, 1, 1, 0, 1, 1, 2, 0, 2, 0, 0, 1, 2]}},
			{"instance": 8, "evals": 5000, "best": {"evals": 4990, "y": 0.4921875, "x": [0, 2, 2, 1, 0, 2, 2, 1, 0, 1, 2, 0, 0, 1, 0, 2, 0, 0, 2, 1, 2, 2, 0, 0, 2, 1, 1, 0, 1, 1, 0, 1, 2, 1, 0, 0, 2, 1, 0, 1, 1, 0, 0, 0, 0, 2, 0, 1, 1, 2, 1, 1, 1, 2, 2, 2, 2, 0, 0, 2]}},
			{"instance": 8, "evals": 5000, "best": {"evals": 197, "y": 0.48640046296296297, "x": [0, 1, 1, 1, 2, 1, 0, 2, 2, 1, 1, 2, 0, 1, 1, 2, 2, 0, 0, 0, 1, 2, 1, 0, 2, 2, 2, 2, 0, 2, 1, 1, 1, 1, 1, 1, 0, 2, 0, 2, 1, 1, 1, 1, 2, 0, 2, 0, 2, 2, 0, 1, 0, 2, 0, 1, 0, 0, 1, 0]}},
			{"instance": 8, "evals": 5000, "best": {"evals": 4314, "y": 0.5200471698113208, "x": [2, 0, 1, 2, 0, 1, 2, 2, 2, 1, 1, 1, 0, 1, 0, 2, 1, 1, 0, 0, 2, 1, 2, 2, 1, 1, 0, 2, 2, 0, 0, 2, 0, 2, 2, 1, 0, 1, 1, 1, 1, 0, 0, 2, 1, 0, 1, 1, 1, 1, 1, 2, 0, 1, 0, 2, 0, 2, 0, 0]}},
			{"instance": 8, "evals": 5000, "best": {"evals": 51, "y": 0.4896716101694915, "x": [1, 0, 1, 2, 2, 0, 0, 0, 1, 2, 1, 0, 1, 0, 2, 1, 1, 2, 0, 0, 1, 1, 2, 0, 1, 2, 2, 2, 2, 0, 0, 1, 1, 2, 1, 2, 1, 0, 0, 2, 0, 0, 1, 0, 0, 0, 0, 1, 1, 0, 0, 1, 1, 0, 1, 2, 0, 1, 2, 0]}},
			{"instance": 8, "evals": 5000, "best": {"evals": 510, "y": 0.4659778225806452, "x": [2, 1, 1, 1, 0, 1, 1, 1, 0, 2, 1, 1, 1, 2, 1, 1, 2, 1, 1, 1, 1, 1, 2, 2, 2, 1, 1, 0, 2, 1, 0, 1, 0, 0, 2, 1, 0, 1, 2, 2, 1, 1, 2, 1, 0, 0, 0, 0, 1, 0, 2, 2, 1, 2, 2, 2, 2, 2, 1, 0]}},
			{"instance": 8, "evals": 5000, "best": {"evals": 2457, "y": 0.48151041666666666, "x": [1, 2, 2, 2, 1, 0, 1, 2, 1, 0, 2, 1, 1, 2, 2, 0, 0, 1, 1, 2, 2, 2, 0, 0, 0, 2, 2, 0, 2, 1, 2, 1, 1, 0, 1, 1, 0, 1, 0, 1, 1, 2, 0, 1, 1, 2, 2, 1, 0, 2, 2, 2, 2, 1, 1, 1, 0, 0, 1, 1]}},
			{"instance": 8, "evals": 5000, "best": {"evals": 890, "y": 0.5068530701754386, "x": [2, 1, 1, 2, 2, 2, 1, 0, 2, 0, 0, 1, 1, 0, 0, 0, 1, 0, 2, 1, 0, 0, 1, 0, 0, 2, 1, 2, 1, 1, 0, 0, 0, 1, 1, 0, 2, 1, 2, 1, 2, 2, 0, 0, 2, 1, 0, 0, 1, 1, 2, 2, 1, 1, 1, 2, 0, 0, 2, 1]}}
		]}
	]
}
